<?xml version="1.0" encoding="UTF-8"?>
<PERSONE>
    <MEDICO>
        <username>abdel</username>
        <password>abdel</password>
        <nome>Abdelwahad</nome>
        <cognome>Kandoul</cognome>
        <dataNascita>28/10/1988</dataNascita>
        <genere>maschio</genere>
        <TURNI>
            <INTERO>
                <giornoTurno>lunedì</giornoTurno>
                <OraInizio>16:0</OraInizio>
                <OraFine>22:0</OraFine>
                <reparto>Ortopedia</reparto>
                <paga_intero>15,000000</paga_intero>
            </INTERO>
            <INTERO>
                <giornoTurno>martedì</giornoTurno>
                <OraInizio>22:30</OraInizio>
                <OraFine>3:30</OraFine>
                <reparto>Interna</reparto>
                <paga_intero>15,000000</paga_intero>
            </INTERO>
            <PARZIALE>
                <giornoTurno>mercoledì</giornoTurno>
                <OraInizio>17:0</OraInizio>
                <OraFine>21:0</OraFine>
                <reparto>Pronto Soccorso</reparto>
                <daContratto>1</daContratto>
                <paga_parziale>14,000000</paga_parziale>
            </PARZIALE>
            <LIBERO>
                <giornoTurno>giovedì</giornoTurno>
                <OraInizio>0:0</OraInizio>
                <OraFine>0:0</OraFine>
                <permesso>0</permesso>
            </LIBERO>
            <INTERO>
                <giornoTurno>venerdì</giornoTurno>
                <OraInizio>12:0</OraInizio>
                <OraFine>19:0</OraFine>
                <reparto>Pediatria</reparto>
                <paga_intero>15,000000</paga_intero>
            </INTERO>
            <PARZIALE>
                <giornoTurno>sabato</giornoTurno>
                <OraInizio>15:0</OraInizio>
                <OraFine>22:0</OraFine>
                <reparto>Oncologia</reparto>
                <daContratto>1</daContratto>
                <paga_parziale>14,000000</paga_parziale>
            </PARZIALE>
            <LIBERO>
                <giornoTurno>domenica</giornoTurno>
                <OraInizio>0:0</OraInizio>
                <OraFine>0:0</OraFine>
                <permesso>1</permesso>
            </LIBERO>
        </TURNI>
    </MEDICO>
    <specializzazione></specializzazione>
    <chirurgo>1</chirurgo>
    <RESPONSABILE>
        <username>admin</username>
        <password>admin</password>
        <nome>Marco</nome>
        <cognome>Odinotte</cognome>
        <dataNascita>01/02/1993</dataNascita>
        <genere>maschio</genere>
        <TURNI>
            <INTERO>
                <giornoTurno>lunedì</giornoTurno>
                <OraInizio>8:0</OraInizio>
                <OraFine>16:0</OraFine>
                <reparto>Cup</reparto>
                <paga_intero>15,000000</paga_intero>
            </INTERO>
            <INTERO>
                <giornoTurno>martedì</giornoTurno>
                <OraInizio>8:0</OraInizio>
                <OraFine>16:0</OraFine>
                <reparto>Cup</reparto>
                <paga_intero>15,000000</paga_intero>
            </INTERO>
            <INTERO>
                <giornoTurno>mercoledì</giornoTurno>
                <OraInizio>16:0</OraInizio>
                <OraFine>0:0</OraFine>
                <reparto>Immunologia</reparto>
                <paga_intero>15,000000</paga_intero>
            </INTERO>
            <LIBERO>
                <giornoTurno>giovedì</giornoTurno>
                <OraInizio>0:0</OraInizio>
                <OraFine>0:0</OraFine>
                <permesso>0</permesso>
            </LIBERO>
            <STRAORDINARIO>
                <giornoTurno>venerdì</giornoTurno>
                <OraInizio>12:0</OraInizio>
                <OraFine>19:0</OraFine>
                <reparto>Pediatria</reparto>
                <permesso>0</permesso>
                <volontariato>0</volontariato>
                <paga_straordinario>16,000000</paga_straordinario>
            </STRAORDINARIO>
            <INTERO>
                <giornoTurno>sabato</giornoTurno>
                <OraInizio>12:0</OraInizio>
                <OraFine>20:0</OraFine>
                <reparto>Geriatria</reparto>
                <paga_intero>15,000000</paga_intero>
            </INTERO>
            <LIBERO>
                <giornoTurno>domenica</giornoTurno>
                <OraInizio>0:0</OraInizio>
                <OraFine>0:0</OraFine>
                <permesso>1</permesso>
            </LIBERO>
        </TURNI>
    </RESPONSABILE>
    <MEDICO>
        <username>elia</username>
        <password>elia</password>
        <nome>Elia</nome>
        <cognome>Vettoretto</cognome>
        <dataNascita>01/01/1993</dataNascita>
        <genere>maschio</genere>
        <TURNI>
            <INTERO>
                <giornoTurno>lunedì</giornoTurno>
                <OraInizio>12:0</OraInizio>
                <OraFine>19:0</OraFine>
                <reparto>Ortopedia</reparto>
                <paga_intero>15,000000</paga_intero>
            </INTERO>
            <INTERO>
                <giornoTurno>martedì</giornoTurno>
                <OraInizio>15:0</OraInizio>
                <OraFine>22:30</OraFine>
                <reparto>Pediatria</reparto>
                <paga_intero>15,000000</paga_intero>
            </INTERO>
            <INTERO>
                <giornoTurno>mercoledì</giornoTurno>
                <OraInizio>18:0</OraInizio>
                <OraFine>0:0</OraFine>
                <reparto>Interna</reparto>
                <paga_intero>15,000000</paga_intero>
            </INTERO>
            <LIBERO>
                <giornoTurno>giovedì</giornoTurno>
                <OraInizio>0:0</OraInizio>
                <OraFine>0:0</OraFine>
                <permesso>0</permesso>
            </LIBERO>
            <PARZIALE>
                <giornoTurno>venerdì</giornoTurno>
                <OraInizio>22:30</OraInizio>
                <OraFine>2:0</OraFine>
                <reparto>Pronto soccorso</reparto>
                <daContratto>1</daContratto>
                <paga_parziale>14,000000</paga_parziale>
            </PARZIALE>
            <INTERO>
                <giornoTurno>sabato</giornoTurno>
                <OraInizio>16:0</OraInizio>
                <OraFine>1:0</OraFine>
                <reparto>Oncologia</reparto>
                <paga_intero>15,000000</paga_intero>
            </INTERO>
            <STRAORDINARIO>
                <giornoTurno>domenica</giornoTurno>
                <OraInizio>9:0</OraInizio>
                <OraFine>14:0</OraFine>
                <reparto>Pediatria</reparto>
                <permesso>0</permesso>
                <volontariato>1</volontariato>
                <paga_straordinario>16,000000</paga_straordinario>
            </STRAORDINARIO>
        </TURNI>
    </MEDICO>
    <specializzazione></specializzazione>
    <chirurgo>1</chirurgo>
    <MEDICO>
        <username>scrubs</username>
        <password>scrubs</password>
        <nome>john</nome>
        <cognome>dorian</cognome>
        <dataNascita>05/12/1979</dataNascita>
        <genere>maschio</genere>
        <TURNI>
            <INTERO>
                <giornoTurno>lunedì</giornoTurno>
                <OraInizio>12:30</OraInizio>
                <OraFine>18:22</OraFine>
                <reparto>ortopedia</reparto>
                <paga_intero>15,000000</paga_intero>
            </INTERO>
            <PARZIALE>
                <giornoTurno>martedì</giornoTurno>
                <OraInizio>14:0</OraInizio>
                <OraFine>18:30</OraFine>
                <reparto>ginecologia</reparto>
                <daContratto>1</daContratto>
                <paga_parziale>14,000000</paga_parziale>
            </PARZIALE>
            <INTERO>
                <giornoTurno>mercoledì</giornoTurno>
                <OraInizio>9:0</OraInizio>
                <OraFine>17:0</OraFine>
                <reparto>pronto soccorso</reparto>
                <paga_intero>15,000000</paga_intero>
            </INTERO>
            <LIBERO>
                <giornoTurno>giovedì</giornoTurno>
                <OraInizio>0:0</OraInizio>
                <OraFine>0:0</OraFine>
                <permesso>0</permesso>
            </LIBERO>
            <INTERO>
                <giornoTurno>venerdì</giornoTurno>
                <OraInizio>17:0</OraInizio>
                <OraFine>22:0</OraFine>
                <reparto>oncologia</reparto>
                <paga_intero>15,000000</paga_intero>
            </INTERO>
            <INTERO>
                <giornoTurno>sabato</giornoTurno>
                <OraInizio>22:0</OraInizio>
                <OraFine>3:0</OraFine>
                <reparto>geriatria</reparto>
                <paga_intero>15,000000</paga_intero>
            </INTERO>
            <LIBERO>
                <giornoTurno>domenica</giornoTurno>
                <OraInizio>0:0</OraInizio>
                <OraFine>0:0</OraFine>
                <permesso>1</permesso>
            </LIBERO>
        </TURNI>
    </MEDICO>
    <specializzazione>interno</specializzazione>
    <chirurgo>0</chirurgo>
</PERSONE>
