<?xml version="1.0" encoding="UTF-8"?>
<PERSONE>
    <RESPONSABILE>
        <username>admin</username>
        <password>admin</password>
        <nome>admin</nome>
        <cognome>admin</cognome>
        <dataNascita>01/01/1970</dataNascita>
        <genere>altro</genere>
        <TURNI>
            <INTERO>
                <giornoTurno>lunedì</giornoTurno>
                <OraInizio>0:0</OraInizio>
                <OraFine>0:0</OraFine>
                <reparto></reparto>
                <paga_intero>15,000000</paga_intero>
            </INTERO>
            <INTERO>
                <giornoTurno>martedì</giornoTurno>
                <OraInizio>0:0</OraInizio>
                <OraFine>0:0</OraFine>
                <reparto></reparto>
                <paga_intero>15,000000</paga_intero>
            </INTERO>
            <INTERO>
                <giornoTurno>mercoledì</giornoTurno>
                <OraInizio>0:0</OraInizio>
                <OraFine>0:0</OraFine>
                <reparto></reparto>
                <paga_intero>15,000000</paga_intero>
            </INTERO>
            <INTERO>
                <giornoTurno>giovedì</giornoTurno>
                <OraInizio>0:0</OraInizio>
                <OraFine>0:0</OraFine>
                <reparto></reparto>
                <paga_intero>15,000000</paga_intero>
            </INTERO>
            <INTERO>
                <giornoTurno>venerdì</giornoTurno>
                <OraInizio>0:0</OraInizio>
                <OraFine>0:0</OraFine>
                <reparto></reparto>
                <paga_intero>15,000000</paga_intero>
            </INTERO>
            <INTERO>
                <giornoTurno>sabato</giornoTurno>
                <OraInizio>0:0</OraInizio>
                <OraFine>0:0</OraFine>
                <reparto></reparto>
                <paga_intero>15,000000</paga_intero>
            </INTERO>
            <LIBERO>
                <giornoTurno>domenica</giornoTurno>
                <OraInizio>0:0</OraInizio>
                <OraFine>0:0</OraFine>
                <permesso>1</permesso>
            </LIBERO>
        </TURNI>
    </RESPONSABILE>
    <INFERMIERE>
        <username>infermiere</username>
        <password>infermiere</password>
        <nome>alessandra</nome>
        <cognome>aurora</cognome>
        <dataNascita>19/11/1992</dataNascita>
        <genere>femmina</genere>
        <TURNI>
            <INTERO>
                <giornoTurno>lunedì</giornoTurno>
                <OraInizio>1:0</OraInizio>
                <OraFine>9:0</OraFine>
                <reparto>ginecologia</reparto>
                <paga_intero>15,000000</paga_intero>
            </INTERO>
            <PARZIALE>
                <giornoTurno>martedì</giornoTurno>
                <OraInizio>12:0</OraInizio>
                <OraFine>18:0</OraFine>
                <reparto>ortopedia</reparto>
                <daContratto>1</daContratto>
                <paga_parziale>14,000000</paga_parziale>
            </PARZIALE>
            <INTERO>
                <giornoTurno>mercoledì</giornoTurno>
                <OraInizio>6:0</OraInizio>
                <OraFine>13:0</OraFine>
                <reparto>pronto soccorso</reparto>
                <paga_intero>15,000000</paga_intero>
            </INTERO>
            <LIBERO>
                <giornoTurno>giovedì</giornoTurno>
                <OraInizio>0:0</OraInizio>
                <OraFine>0:0</OraFine>
                <permesso>0</permesso>
            </LIBERO>
            <LIBERO>
                <giornoTurno>venerdì</giornoTurno>
                <OraInizio>0:0</OraInizio>
                <OraFine>0:0</OraFine>
                <permesso>0</permesso>
            </LIBERO>
            <PARZIALE>
                <giornoTurno>sabato</giornoTurno>
                <OraInizio>11:30</OraInizio>
                <OraFine>19:44</OraFine>
                <reparto>pediatria</reparto>
                <daContratto>1</daContratto>
                <paga_parziale>14,000000</paga_parziale>
            </PARZIALE>
            <INTERO>
                <giornoTurno>domenica</giornoTurno>
                <OraInizio>14:40</OraInizio>
                <OraFine>20:0</OraFine>
                <reparto>interna</reparto>
                <paga_intero>15,000000</paga_intero>
            </INTERO>
        </TURNI>
    </INFERMIERE>
    <MEDICO>
        <username>medico</username>
        <password>medico</password>
        <nome>francesco</nome>
        <cognome>di maria</cognome>
        <dataNascita>12/12/1988</dataNascita>
        <genere>maschio</genere>
        <TURNI>
            <INTERO>
                <giornoTurno>lunedì</giornoTurno>
                <OraInizio>13:30</OraInizio>
                <OraFine>19:45</OraFine>
                <reparto>ginecologia</reparto>
                <paga_intero>15,000000</paga_intero>
            </INTERO>
            <PARZIALE>
                <giornoTurno>martedì</giornoTurno>
                <OraInizio>17:45</OraInizio>
                <OraFine>22:30</OraFine>
                <reparto>Ortopedia</reparto>
                <daContratto>1</daContratto>
                <paga_parziale>14,000000</paga_parziale>
            </PARZIALE>
            <LIBERO>
                <giornoTurno>mercoledì</giornoTurno>
                <OraInizio>0:0</OraInizio>
                <OraFine>0:0</OraFine>
                <permesso>0</permesso>
            </LIBERO>
            <INTERO>
                <giornoTurno>giovedì</giornoTurno>
                <OraInizio>9:30</OraInizio>
                <OraFine>17:20</OraFine>
                <reparto>Pronto soccorso</reparto>
                <paga_intero>15,000000</paga_intero>
            </INTERO>
            <STRAORDINARIO>
                <giornoTurno>venerdì</giornoTurno>
                <OraInizio>14:30</OraInizio>
                <OraFine>17:30</OraFine>
                <reparto>pediatria</reparto>
                <permesso>0</permesso>
                <volontariato>1</volontariato>
                <paga_straordinario>16,000000</paga_straordinario>
            </STRAORDINARIO>
            <INTERO>
                <giornoTurno>sabato</giornoTurno>
                <OraInizio>22:30</OraInizio>
                <OraFine>3:0</OraFine>
                <reparto>oncologia</reparto>
                <paga_intero>15,000000</paga_intero>
            </INTERO>
            <LIBERO>
                <giornoTurno>domenica</giornoTurno>
                <OraInizio>0:0</OraInizio>
                <OraFine>0:0</OraFine>
                <permesso>1</permesso>
            </LIBERO>
        </TURNI>
    </MEDICO>
    <specializzazione>Ortopedia</specializzazione>
    <chirurgo>1</chirurgo>
</PERSONE>
